{
  "epoch": 8,
  "train_loss": 0.21838535742304407,
  "val_loss": 0.21671885289329576,
  "val_miou": 0.4333393439681644,
  "val_dice": 0.580578731096861
}