{
  "epoch": 8,
  "train_loss": 0.23957617892775424,
  "val_loss": 0.2373329793610503,
  "val_miou": 0.4005818488951267,
  "val_dice": 0.5469131178547296
}