{
  "split": "test",
  "overall": {
    "miou": 0.18595437437700302,
    "dice": 0.275359826092672,
    "n": 959
  },
  "per_label": {
    "taping_area": {
      "miou": 0.020135648532749045,
      "dice": 0.03037686857174644,
      "n": 153
    },
    "crack": {
      "miou": 0.21743113002733905,
      "dice": 0.3218640351506144,
      "n": 806
    }
  },
  "avg_inference_time_sec_per_image": 0.03599483709722019,
  "model_dir": "/content/drive/MyDrive/origin_takehome/origin_finetune/CIDAS/clipseg-rd64-refined"
}