{
  "epoch": 8,
  "train_loss": 0.29427915636230917,
  "val_loss": 0.2474292823131,
  "val_miou": 0.39410279265027454,
  "val_dice": 0.5386528675143056
}