{
  "epoch": 12,
  "train_loss": 0.2277564724677364,
  "val_loss": 0.22598383297253252,
  "val_miou": 0.41540419420767927,
  "val_dice": 0.5636590796373084
}