{
  "epoch": 12,
  "train_loss": 0.20723017684328962,
  "val_loss": 0.20718896958300365,
  "val_miou": 0.4466091905232511,
  "val_dice": 0.5940406517843115
}