{
  "split": "test",
  "overall": {
    "miou": 0.45302120647170896,
    "dice": 0.6012659418632262,
    "n": 959
  },
  "per_label": {
    "taping_area": {
      "miou": 0.5229584995438071,
      "dice": 0.6777341320039401,
      "n": 153
    },
    "crack": {
      "miou": 0.43974526870492114,
      "dice": 0.5867502680523959,
      "n": 806
    }
  },
  "avg_inference_time_sec_per_image": 0.04193968012949527,
  "model_dir": "/content/drive/MyDrive/origin_takehome/origin_finetune/checkpoints/clipseg_ft_e12_352_trial1"
}