{
  "epoch": 16,
  "train_loss": 0.20381057875527467,
  "val_loss": 0.20547436681694675,
  "val_miou": 0.4601866105155308,
  "val_dice": 0.6059611795590666
}