{
  "epoch": 4,
  "train_loss": 0.23170876002842178,
  "val_loss": 0.22910731161374887,
  "val_miou": 0.4273285072973476,
  "val_dice": 0.575397289527234
}