{
  "split": "test",
  "overall": {
    "miou": 0.44303962912202066,
    "dice": 0.5919691797772924,
    "n": 959
  },
  "per_label": {
    "taping_area": {
      "miou": 0.42468353236715,
      "dice": 0.5825650838562866,
      "n": 153
    },
    "crack": {
      "miou": 0.4465240991015433,
      "dice": 0.5937543245364907,
      "n": 806
    }
  },
  "avg_inference_time_sec_per_image": 0.1437789767937493,
  "model_dir": "/content/origin_finetune/checkpoints/clipseg_ft_e4_1024_thr04_v1"
}